Workbook

Sheet 检查结果计算表
A1: 检查结果计算
A9: 序号 | B9: 设施 | C9: 总量 | D9: 故障数量 | E9: 合格率
A10: 分部名称：安全设施 | E10: ='分部工程-安全设施'!D23 -> 95.5
A11: 1 | B11: 消防设施 | C11: =COUNTA(消防设施!D3:I3)-COUNTIF(消防设施!D3:I3,"/") -> 2 | D11: =C11*(1-E11) -> 0 | E11: ='分部工程-安全设施'!E7 -> 1 | F11: =IF(E11="/","/",IF(E11>=98%,"0",IF(E11>=93%,"1",IF(E11>=85%,"2","3")))) -> 0
A12: 2 | B12: 电气安全 | C12: =COUNTA(电气安全!D3:I3)-COUNTIF(电气安全!D3:I3,"/") -> 1 | D12: =C12*(1-E12) -> 0 | E12: ='分部工程-安全设施'!E8 -> 1 | F12: =IF(E12="/","/",IF(E12>=98%,"0",IF(E12>=93%,"1",IF(E12>=85%,"2","3")))) -> 0
A13: 3 | B13: 防护设施 | C13: =COUNTA(防护设施!D3:I3)-COUNTIF(防护设施!D3:I3,"/") -> 1 | D13: =C13*(1-E13) -> 0 | E13: ='分部工程-安全设施'!E9 -> 1 | F13: =IF(E13="/","/",IF(E13>=98%,"0",IF(E13>=93%,"1",IF(E13>=85%,"2","3")))) -> 0
A14: 合计 | C14: =SUM(C11:C13) -> 4 | D14: =SUM(D11:D13) -> 0 | E14: =IF(OR(C14=0,C14="/"),"/",1-D14/C14) -> 1
A15: 分项名称：生产设备 | E15: ='分部工程-生产设备'!D23 -> 100
A16: 1 | B16: 机械设备 | C16: =COUNTA(机械设备!D3:U3)-COUNTIF(机械设备!D3:U3,"/") -> 17 | D16: =C16*(1-E16) -> 0 | E16: ='分部工程-生产设备'!E7 -> 1 | F16: =IF(E16="/","/",IF(E16>=95%,"0",IF(E16>=86%,"1",IF(E16>=74%,"2","3")))) -> 0
A17: 2 | B17: 特种设备 | C17: =COUNTA(特种设备!D3:AA3)-COUNTIF(特种设备!D3:AA3,"/") -> 24 | D17: =C17*(1-E17) -> 0 | E17: ='分部工程-生产设备'!E8 -> 1 | F17: =IF(E17="/","/",IF(E17>=95%,"0",IF(E17>=86%,"1",IF(E17>=74%,"2","3")))) -> 0
A18: 3 | B18: 仪器仪表 | C18: =COUNTA(仪器仪表!D3:N3)+COUNTA(仪器仪表!D12:N12)-COUNTIF(仪器仪表!D3:N3,"/")-COUNTIF(仪器仪表!D12:N12,"/") -> 22 | D18: =C18*(1-E18) -> 0 | E18: ='分部工程-生产设备'!E9 -> 1 | F18: =IF(E18="/","/",IF(E18>=95%,"0",IF(E18>=86%,"1",IF(E18>=74%,"2","3")))) -> 0
A19: 合计 | E19: =(E10+E15)/2 -> 97.75

Sheet 封面页---安全设施
C20: （一）安全设施

Sheet 分部工程-安全设施
A1: 检查公司
A2: 分部工程质量检验评定表
A3: 分部工程名称：安全设施 | E3: 实施单位：
A4: 所属单位： | E4: 监督单位：
A5: 分 项 工 程 | H5: 备 注
A6: 分项工程编号 | B6: 分项工程工程名称 | D6: 检查项目数 | E6: 合格率
A7: 1 | B7: 消防设施 | D7: 3 | E7: =消防设施!J9 -> 1
A8: 2 | B8: 电气安全 | D8: 3 | E8: =电气安全!J19 -> 1
A9: 3 | B9: 防护设施 | D9: 3 | E9: =防护设施!J17 -> 1
A21: 分部工程实测得分 | E21: =AVERAGE(E7:G9)*100 -> 100
A22: 外观缺陷扣分 | D22: 2 | E22: 资料扣分 | H22: 2.5
A23: 分部工程评分 | D23: =E21-D22-H22 -> 95.5 | E23: 质量等级 | H23: 合格

Sheet 消防设施
A1: 设施名称：消防设施
A2: 序号 | B2: 检查项目 | C2: 技术要求 | D2: 测试点单项结果 | J2: 汇总列
D3: 地点1 | E3: 地点2 | F3: / | G3: / | H3: / | I3: /
A4: 1 | B4: 安全设施 | C4: 灭火器配置是否符合要求 | D4: 符合 | E4: 符合 | F4: / | G4: / | H4: / | I4: / | J4: =1-COUNTIF(D4:I4,"不符合")/(COUNTIF(D4:I4,"不符合")+COUNTIF(D4:I4,"符合")) -> 1
C5: 消火栓是否完好有效 | D5: 符合 | E5: 符合 | F5: / | G5: / | H5: / | I5: / | J5: =1-COUNTIF(D5:I5,"不符合")/(COUNTIF(D5:I5,"不符合")+COUNTIF(D5:I5,"符合")) -> 1
A6: 2 | B6: 应急照明 | C6: 应急照明是否正常工作 | D6: 符合 | E6: 符合 | F6: / | G6: / | H6: / | I6: / | J6: =1-COUNTIF(D6:I6,"不符合")/(COUNTIF(D6:I6,"不符合")+COUNTIF(D6:I6,"符合")) -> 1
A7: 3 | B7: 疏散标志 | C7: 疏散指示标志是否清晰可见 | D7: 符合 | E7: 符合 | F7: / | G7: / | H7: / | I7: / | J7: =1-COUNTIF(D7:I7,"不符合")/(COUNTIF(D7:I7,"不符合")+COUNTIF(D7:I7,"符合")) -> 1
A8: 消防设施 | C8: 是否故障 | D8: 否 | E8: 否 | F8: / | G8: / | H8: / | I8: / | J8: /
C9: 合格率 | D9: 合格率 | J9: =1-COUNTIF(D8:I8,"是")/(COUNTIF(D8:I8,"是")+COUNTIF(D8:I8,"否")) -> 1
A10: 备注

Sheet 电气安全
A1: 设施名称：电气安全
A2: 序号 | B2: 检查项目 | C2: 技术要求 | D2: 测试点单项结果 | J2: 汇总列
D3: 地点1 | E3: / | F3: / | G3: / | H3: / | I3: /
A4: 1 | B4: 配电箱 | C4: 配电箱是否规范安装 | D4: 符合 | E4: / | F4: / | G4: / | H4: / | I4: / | J4: =IF(D4="/","/",1-COUNTIF(D4:I4,"不符合")/(COUNTIF(D4:I4,"符合")+COUNTIF(D4:I4,"不符合"))) -> 1
A5: 2 | B5: 线路 | C5: 线路敷设是否符合安全要求 | D5: 符合 | E5: / | F5: / | G5: / | H5: / | I5: / | J5: =IF(D5="/","/",1-COUNTIF(D5:I5,"不符合")/(COUNTIF(D5:I5,"符合")+COUNTIF(D5:I5,"不符合"))) -> 1
A6: 3 | B6: 接地保护 | C6: 接地保护是否可靠 | D6: 符合 | E6: / | F6: / | G6: / | H6: / | I6: / | J6: =IF(D6="/","/",1-COUNTIF(D6:I6,"不符合")/(COUNTIF(D6:I6,"符合")+COUNTIF(D6:I6,"不符合"))) -> 1
C7: 接地电阻＜5Ω | D7: 3 | E7: / | F7: / | G7: / | H7: / | I7: / | J7: 1
C8: 漏电保护器是否正常工作 | D8: 符合 | E8: / | F8: / | G8: / | H8: / | I8: / | J8: =IF(D8="/","/",1-COUNTIF(D8:I8,"不符合")/(COUNTIF(D8:I8,"符合")+COUNTIF(D8:I8,"不符合"))) -> 1
A9: 电气安全 | C9: 是否故障 | D9: 否 | E9: / | F9: / | G9: / | H9: / | I9: / | J9: /
A11: 序号 | B11: 检查项目 | C11: 技术要求 | D11: 测试点单项结果 | J11: 汇总列
D12: / | E12: / | F12: / | G12: / | H12: / | I12: /
A13: 1 | B13: 配电箱 | C13: 配电箱是否规范安装 | D13: / | E13: / | F13: / | G13: / | H13: / | I13: / | J13: =IF(D13="/","/",1-COUNTIF(D13:I13,"不符合")/(COUNTIF(D13:I13,"符合")+COUNTIF(D13:I13,"不符合"))) -> /
A14: 2 | B14: 线路 | C14: 线路敷设是否符合安全要求 | D14: / | E14: / | F14: / | G14: / | H14: / | I14: / | J14: =IF(D14="/","/",1-COUNTIF(D14:I14,"不符合")/(COUNTIF(D14:I14,"符合")+COUNTIF(D14:I14,"不符合"))) -> /
A15: 3 | B15: 接地保护 | C15: 接地保护是否可靠 | D15: / | E15: / | F15: / | G15: / | H15: / | I15: / | J15: =IF(D15="/","/",1-COUNTIF(D15:I15,"不符合")/(COUNTIF(D15:I15,"符合")+COUNTIF(D15:I15,"不符合"))) -> /
C16: 接地电阻＜4Ω | D16: / | E16: / | F16: / | G16: / | H16: / | I16: / | J16: =IF(D16="/","/",1-COUNTIF(D16:I16,"不符合")/(COUNTIF(D16:I16,"符合")+COUNTIF(D16:I16,"不符合"))) -> /
C17: 漏电保护器是否正常工作 | D17: / | E17: / | F17: / | G17: / | H17: / | I17: / | J17: =IF(D17="/","/",1-COUNTIF(D17:I17,"不符合")/(COUNTIF(D17:I17,"符合")+COUNTIF(D17:I17,"不符合"))) -> /
A18: 电气安全 | C18: 是否故障 | D18: / | E18: / | F18: / | G18: / | H18: / | I18: / | J18: /
C19: 合格率 | D19: 合格率 | J19: =1-COUNTIF(D9:I18,"是")/(COUNTIF(D9:I18,"是")+COUNTIF(D9:I18,"否")) -> 1
A20: 备注

Sheet 防护设施
A1: 设施名称：防护设施
A2: 序号 | B2: 检查项目 | C2: 技术要求 | D2: 测试点单项结果 | J2: 汇总列
D3: 地点1 | E3: / | F3: / | G3: / | H3: / | I3: /
A4: 1 | B4: 警示 | C4: 安全警示标志是否齐全 | D4: 符合 | E4: / | F4: / | G4: / | H4: / | I4: / | J4: =IF(D4="/","/",1-COUNTIF(D4:I4,"不符合")/(COUNTIF(D4:I4,"符合")+COUNTIF(D4:I4,"不符合"))) -> 1
C5: 防护栏杆是否牢固 | D5: 符合 | E5: / | F5: / | G5: / | H5: / | I5: / | J5: =IF(D5="/","/",1-COUNTIF(D5:I5,"不符合")/(COUNTIF(D5:I5,"符合")+COUNTIF(D5:I5,"不符合"))) -> 1
A6: 2 | B6: 防护 | C6: 安全网是否完好 | D6: 符合 | E6: / | F6: / | G6: / | H6: / | I6: / | J6: =IF(D6="/","/",1-COUNTIF(D6:I6,"不符合")/(COUNTIF(D6:I6,"符合")+COUNTIF(D6:I6,"不符合"))) -> 1
A7: 3 | B7: 用品 | C7: 防护用品是否配备齐全 | D7: 符合 | E7: / | F7: / | G7: / | H7: / | I7: / | J7: =IF(D7="/","/",1-COUNTIF(D7:I7,"不符合")/(COUNTIF(D7:I7,"符合")+COUNTIF(D7:I7,"不符合"))) -> 1
A8: 防护设施 | C8: 是否故障 | D8: 否 | E8: / | F8: / | G8: / | H8: / | I8: / | J8: /
A10: 序号 | B10: 检查项目 | C10: 技术要求 | D10: 测试点单项结果 | J10: 汇总列
D11: / | E11: / | F11: / | G11: / | H11: / | I11: /
A12: 1 | B12: 警示 | C12: 安全警示标志是否齐全 | D12: / | E12: / | F12: / | G12: / | H12: / | I12: / | J12: =IF(D12="/","/",1-COUNTIF(D12:I12,"不符合")/(COUNTIF(D12:I12,"符合")+COUNTIF(D12:I12,"不符合"))) -> /
C13: 防护栏杆是否牢固 | D13: / | E13: / | F13: / | G13: / | H13: / | I13: / | J13: =IF(D13="/","/",1-COUNTIF(D13:I13,"不符合")/(COUNTIF(D13:I13,"符合")+COUNTIF(D13:I13,"不符合"))) -> /
A14: 2 | B14: 防护 | C14: 安全网是否完好 | D14: / | E14: / | F14: / | G14: / | H14: / | I14: / | J14: =IF(D14="/","/",1-COUNTIF(D14:I14,"不符合")/(COUNTIF(D14:I14,"符合")+COUNTIF(D14:I14,"不符合"))) -> /
A15: 3 | B15: 用品 | C15: 防护用品是否配备齐全 | D15: / | E15: / | F15: / | G15: / | H15: / | I15: / | J15: =IF(D15="/","/",1-COUNTIF(D15:I15,"不符合")/(COUNTIF(D15:I15,"符合")+COUNTIF(D15:I15,"不符合"))) -> /
A16: 防护设施 | C16: 是否故障 | D16: / | E16: / | F16: / | G16: / | H16: / | I16: / | J16: /
C17: 合格率 | D17: 合格率 | J17: =1-COUNTIF(D8:I16,"是")/(COUNTIF(D8:I16,"是")+COUNTIF(D8:I16,"否")) -> 1
A18: 备注

Sheet 封面页---生产设备
C20: （二）生产设备

Sheet 分部工程-生产设备
A1: 检查公司
A2: 分部工程质量检验评定表
A3: 分部工程名称：生产设备 | E3: 实施单位：
A4: 所属单位： | E4: 监督单位：
A5: 分 项 工 程 | H5: 备 注
A6: 分项工程编号 | B6: 分项工程工程名称 | D6: 检查项目数 | E6: 合格率
A7: 1 | B7: 机械设备 | D7: 3 | E7: =机械设备!V9 -> 1
A8: 2 | B8: 特种设备 | D8: 3 | E8: =特种设备!AB9 -> 1
A9: 3 | B9: 仪器仪表 | D9: 1 | E9: =仪器仪表!O18 -> 1
A21: 分部工程实测得分 | E21: =AVERAGE(E7:G9)*100 -> 100
A22: 外观缺陷扣分 | D22: 0 | E22: 资料扣分 | H22: 0
A23: 分部工程评分 | D23: =E21-D22-H22 -> 100 | E23: 质量等级 | H23: 合格

Sheet 机械设备
A1: 设施名称：机械设备
A2: 序号 | B2: 检查项目 | C2: 技术要求 | D2: 测试点单项结果 | J2: 测试点单项结果 | P2: 测试点单项结果 | V2: 汇总列
D3: 设备1 | E3: 设备2 | F3: 设备3 | G3: 设备4 | H3: 设备5 | I3: 设备6 | J3: 13 | K3: 设备8 | L3: 设备9 | M3: 设备10 | N3: 设备11 | O3: 设备12 | P3: 设备13 | Q3: 设备14 | R3: 设备15 | S3: 设备16 | T3: 设备17 | U3: /
A4: 1 | B4: 总体 | C4: 设备运行状态是否正常 | D4: 符合 | E4: 符合 | F4: 符合 | G4: 符合 | H4: 符合 | I4: 符合 | J4: 符合 | K4: 符合 | L4: 符合 | M4: 符合 | N4: 符合 | O4: 符合 | P4: 符合 | Q4: 符合 | R4: 符合 | S4: 符合 | T4: 符合 | U4: / | V4: =1-COUNTIF(D4:U4,"不符合")/(COUNTIF(D4:U4,"不符合")+COUNTIF(D4:U4,"符合")) -> 1
C5: 安全防护装置是否完好 | D5: 符合 | E5: 符合 | F5: 符合 | G5: 符合 | H5: 符合 | I5: 符合 | J5: 符合 | K5: 符合 | L5: 符合 | M5: 符合 | N5: 符合 | O5: 符合 | P5: 符合 | Q5: 符合 | R5: 符合 | S5: 符合 | T5: 符合 | U5: / | V5: =1-COUNTIF(D5:U5,"不符合")/(COUNTIF(D5:U5,"不符合")+COUNTIF(D5:U5,"符合")) -> 1
A6: 2 | B6: 记录 | C6: 设备维护记录是否完整 | D6: 符合 | E6: 符合 | F6: 符合 | G6: 符合 | H6: 符合 | I6: 符合 | J6: 符合 | K6: 符合 | L6: 符合 | M6: 符合 | N6: 符合 | O6: 符合 | P6: 符合 | Q6: 符合 | R6: 符合 | S6: 符合 | T6: 符合 | U6: / | V6: =1-COUNTIF(D6:U6,"不符合")/(COUNTIF(D6:U6,"不符合")+COUNTIF(D6:U6,"符合")) -> 1
A7: 3 | B7: 环境 | C7: 操作规程是否上墙 | D7: 符合 | E7: 符合 | F7: 符合 | G7: 符合 | H7: 符合 | I7: 符合 | J7: 符合 | K7: 符合 | L7: 符合 | M7: 符合 | N7: 符合 | O7: 符合 | P7: 符合 | Q7: 符合 | R7: 符合 | S7: 符合 | T7: 符合 | U7: / | V7: =1-COUNTIF(D7:U7,"不符合")/(COUNTIF(D7:U7,"不符合")+COUNTIF(D7:U7,"符合")) -> 1
A8: 机械设备 | C8: 是否故障 | D8: 否 | E8: 否 | F8: 否 | G8: 否 | H8: 否 | I8: 否 | J8: 否 | K8: 否 | L8: 否 | M8: 否 | N8: 否 | O8: 否 | P8: 否 | Q8: 否 | R8: 否 | S8: 否 | T8: 否 | U8: / | V8: /
C9: 合格率 | D9: 合格率 | J9: 合格率 | P9: 合格率 | V9: =1-COUNTIF(D8:U8,"是")/(COUNTIF(D8:U8,"是")+COUNTIF(D8:U8,"否")) -> 1
A10: 备注
A12: 测试点单项结果 | J12: 测试点单项结果 | P12: 汇总列
A13: 设备7 | B13: 设备8 | C13: 设备9 | D13: 设备10 | E13: 设备11 | F13: 设备12 | J13: 设备13 | K13: 设备14 | L13: 设备15 | M13: 设备16 | N13: 设备17 | O13: /
A14: 符合 | B14: 符合 | C14: 符合 | D14: 符合 | E14: 符合 | F14: 符合 | J14: 符合 | K14: 符合 | L14: 符合 | M14: 符合 | N14: 符合 | O14: / | P14: =1-COUNTIF(#REF!,"不符合")/(COUNTIF(#REF!,"不符合")+COUNTIF(#REF!,"符合")) -> #REF!
A15: 符合 | B15: 符合 | C15: 符合 | D15: 符合 | E15: 符合 | F15: 符合 | J15: 符合 | K15: 符合 | L15: 符合 | M15: 符合 | N15: 符合 | O15: / | P15: =1-COUNTIF(#REF!,"不符合")/(COUNTIF(#REF!,"不符合")+COUNTIF(#REF!,"符合")) -> #REF!
A16: 符合 | B16: 符合 | C16: 符合 | D16: 符合 | E16: 符合 | F16: 符合 | J16: 符合 | K16: 符合 | L16: 符合 | M16: 符合 | N16: 符合 | O16: / | P16: =1-COUNTIF(#REF!,"不符合")/(COUNTIF(#REF!,"不符合")+COUNTIF(#REF!,"符合")) -> #REF!
A17: 符合 | B17: 符合 | C17: 符合 | D17: 符合 | E17: 符合 | F17: 符合 | J17: 符合 | K17: 符合 | L17: 符合 | M17: 符合 | N17: 符合 | O17: / | P17: =1-COUNTIF(#REF!,"不符合")/(COUNTIF(#REF!,"不符合")+COUNTIF(#REF!,"符合")) -> #REF!
A18: 否 | B18: 否 | C18: 否 | D18: 否 | E18: 否 | F18: 否 | J18: 否 | K18: 否 | L18: 否 | M18: 否 | N18: 否 | O18: / | P18: /
A19: 合格率 | J19: 合格率 | P19: =1-COUNTIF(#REF!,"是")/(COUNTIF(#REF!,"是")+COUNTIF(#REF!,"否")) -> #REF!

Sheet 特种设备
A1: 设施名称：特种设备
A2: 序号 | B2: 检查项目 | C2: 技术要求 | D2: 测试点单项结果 | J2: 测试点单项结果 | P2: 测试点单项结果 | V2: 测试点单项结果 | AB2: 汇总列
D3: 设备1 | E3: 设备2 | F3: 设备3 | G3: 设备4 | H3: 设备5 | I3: 设备6 | J3: 设备7 | K3: 设备8 | L3: 设备9 | M3: 设备10 | N3: 设备11 | O3: 设备12 | P3: 设备13 | Q3: 设备14 | R3: 设备15 | S3: 设备16 | T3: 设备17 | U3: 设备18 | V3: 设备19 | W3: 设备20 | X3: 设备21 | Y3: 设备22 | Z3: 设备23 | AA3: 设备24
A4: 1 | B4: 锅炉 | C4: 锅炉安全检查是否合格 | D4: 符合 | E4: 符合 | F4: 符合 | G4: 符合 | H4: 符合 | I4: 符合 | J4: 符合 | K4: 符合 | L4: 符合 | M4: 符合 | N4: 符合 | O4: 符合 | P4: 符合 | Q4: 符合 | R4: 符合 | S4: 符合 | T4: 符合 | U4: 符合 | V4: 符合 | W4: 符合 | X4: 符合 | Y4: 符合 | Z4: 符合 | AA4: 符合 | AB4: =1-COUNTIF(D4:AA4,"不符合")/(COUNTIF(D4:AA4,"不符合")+COUNTIF(D4:AA4,"符合")) -> 1
C5: 压力容器定期检验是否合格 | D5: 符合 | E5: 符合 | F5: 符合 | G5: 符合 | H5: 符合 | I5: 符合 | J5: 符合 | K5: 符合 | L5: 符合 | M5: 符合 | N5: 符合 | O5: 符合 | P5: 符合 | Q5: 符合 | R5: 符合 | S5: 符合 | T5: 符合 | U5: 符合 | V5: 符合 | W5: 符合 | X5: 符合 | Y5: 符合 | Z5: 符合 | AA5: 符合 | AB5: =1-COUNTIF(D5:AA5,"不符合")/(COUNTIF(D5:AA5,"不符合")+COUNTIF(D5:AA5,"符合")) -> 1
A6: 2 | B6: 起重设备 | C6: 起重设备安全装置是否可靠 | D6: 符合 | E6: 符合 | F6: 符合 | G6: 符合 | H6: 符合 | I6: 符合 | J6: 符合 | K6: 符合 | L6: 符合 | M6: 符合 | N6: 符合 | O6: 符合 | P6: 符合 | Q6: 符合 | R6: 符合 | S6: 符合 | T6: 符合 | U6: 符合 | V6: 符合 | W6: 符合 | X6: 符合 | Y6: 符合 | Z6: 符合 | AA6: 符合 | AB6: =1-COUNTIF(D6:AA6,"不符合")/(COUNTIF(D6:AA6,"不符合")+COUNTIF(D6:AA6,"符合")) -> 1
A7: 3 | B7: 基础 | C7: 电梯安全运行是否正常 | D7: 符合 | E7: 符合 | F7: 符合 | G7: 符合 | H7: 符合 | I7: 符合 | J7: 符合 | K7: 符合 | L7: 符合 | M7: 符合 | N7: 符合 | O7: 符合 | P7: 符合 | Q7: 符合 | R7: 符合 | S7: 符合 | T7: 符合 | U7: 符合 | V7: 符合 | W7: 符合 | X7: 符合 | Y7: 符合 | Z7: 符合 | AA7: 符合 | AB7: =1-COUNTIF(D7:AA7,"不符合")/(COUNTIF(D7:AA7,"不符合")+COUNTIF(D7:AA7,"符合")) -> 1
A8: 特种设备 | C8: 是否故障 | D8: 否 | E8: 否 | F8: 否 | G8: 否 | H8: 否 | I8: 否 | J8: 否 | K8: 否 | L8: 否 | M8: 否 | N8: 否 | O8: 否 | P8: 否 | Q8: 否 | R8: 否 | S8: 否 | T8: 否 | U8: 否 | V8: 否 | W8: 否 | X8: 否 | Y8: 否 | Z8: 否 | AA8: 否 | AB8: /
C9: 合格率 | D9: 合格率 | J9: 合格率 | P9: 合格率 | V9: 合格率 | AB9: =1-COUNTIF(D8:AA8,"是")/(COUNTIF(D8:AA8,"是")+COUNTIF(D8:AA8,"否")) -> 1
A10: 备注

Sheet 仪器仪表
A1: 设施名称：仪器仪表
A2: 序号 | B2: 检查项目 | C2: 技术要求 | D2: 测试点单项结果 | J2: 测试点单项结果 | O2: 汇总列
D3: 设备1 | E3: 设备2 | F3: 设备3 | G3: 设备4 | H3: 设备5 | I3: 设备6 | J3: 设备7 | K3: 设备8 | L3: 设备9 | M3: 设备10 | N3: 设备11
A4: 1 | B4: 总体 | C4: 检测仪器是否按期检定 | D4: 符合 | E4: 符合 | F4: 符合 | G4: 符合 | H4: 符合 | I4: 符合 | J4: 符合 | K4: 符合 | L4: 符合 | M4: 符合 | N4: 符合 | O4: =1-COUNTIF(D4:N4,"不符合")/(COUNTIF(D4:N4,"不符合")+COUNTIF(D4:N4,"符合")) -> 1
C5: 仪表显示是否准确 | D5: 符合 | E5: 符合 | F5: 符合 | G5: 符合 | H5: 符合 | I5: 符合 | J5: 符合 | K5: 符合 | L5: 符合 | M5: 符合 | N5: 符合 | O5: =1-COUNTIF(D5:N5,"不符合")/(COUNTIF(D5:N5,"不符合")+COUNTIF(D5:N5,"符合")) -> 1
C6: 安全附件是否完好 | D6: 符合 | E6: 符合 | F6: 符合 | G6: 符合 | H6: 符合 | I6: 符合 | J6: 符合 | K6: 符合 | L6: 符合 | M6: 符合 | N6: 符合 | O6: =1-COUNTIF(D6:N6,"不符合")/(COUNTIF(D6:N6,"不符合")+COUNTIF(D6:N6,"符合")) -> 1
C7: 使用记录是否完整 | D7: 符合 | E7: 符合 | F7: 符合 | G7: 符合 | H7: 符合 | I7: 符合 | J7: 符合 | K7: 符合 | L7: 符合 | M7: 符合 | N7: 符合 | O7: =1-COUNTIF(D7:N7,"不符合")/(COUNTIF(D7:N7,"不符合")+COUNTIF(D7:N7,"符合")) -> 1
A8: 仪器仪表 | C8: 是否故障 | D8: 否 | E8: 否 | F8: 否 | G8: 否 | H8: 否 | I8: 否 | J8: 否 | K8: 否 | L8: 否 | M8: 否 | N8: 否 | O8: /
A10: 设施名称：仪器仪表
A11: 序号 | B11: 检查项目 | C11: 技术要求 | D11: 测试点单项结果 | J11: 测试点单项结果 | O11: 汇总列
D12: 设备12 | E12: 设备13 | F12: 设备14 | G12: 设备15 | H12: 设备16 | I12: 设备17 | J12: 设备18 | K12: 设备19 | L12: 设备20 | M12: 设备21 | N12: 设备22
A13: 1 | B13: 总体 | C13: 检测仪器是否按期检定 | D13: 符合 | E13: 符合 | F13: 符合 | G13: 符合 | H13: 符合 | I13: 符合 | J13: 符合 | K13: 符合 | L13: 符合 | M13: 符合 | N13: 符合 | O13: =1-COUNTIF(D13:N13,"不符合")/(COUNTIF(D13:N13,"不符合")+COUNTIF(D13:N13,"符合")) -> 1
C14: 仪表显示是否准确 | D14: 符合 | E14: 符合 | F14: 符合 | G14: 符合 | H14: 符合 | I14: 符合 | J14: 符合 | K14: 符合 | L14: 符合 | M14: 符合 | N14: 符合 | O14: =1-COUNTIF(D14:N14,"不符合")/(COUNTIF(D14:N14,"不符合")+COUNTIF(D14:N14,"符合")) -> 1
C15: 安全附件是否完好 | D15: 符合 | E15: 符合 | F15: 符合 | G15: 符合 | H15: 符合 | I15: 符合 | J15: 符合 | K15: 符合 | L15: 符合 | M15: 符合 | N15: 符合 | O15: =1-COUNTIF(D15:N15,"不符合")/(COUNTIF(D15:N15,"不符合")+COUNTIF(D15:N15,"符合")) -> 1
C16: 使用记录是否完整 | D16: 符合 | E16: 符合 | F16: 符合 | G16: 符合 | H16: 符合 | I16: 符合 | J16: 符合 | K16: 符合 | L16: 符合 | M16: 符合 | N16: 符合 | O16: =1-COUNTIF(D16:N16,"不符合")/(COUNTIF(D16:N16,"不符合")+COUNTIF(D16:N16,"符合")) -> 1
A17: 仪器仪表 | C17: 是否故障 | D17: 否 | E17: 否 | F17: 否 | G17: 否 | H17: 否 | I17: 否 | J17: 否 | K17: 否 | L17: 否 | M17: 否 | N17: 否 | O17: /
C18: 合格率 | D18: 合格率 | J18: 合格率 | O18: =1-COUNTIF(D8:N17,"是")/(COUNTIF(D8:N17,"是")+COUNTIF(D8:N17,"否")) -> 1
A19: 备注
